/*
SQLyog Community v9.02 
MySQL - 5.7.6-m16 : Database - crm_zhang
*********************************************************************
*/

/*!40101 SET NAMES utf8 */;

/*!40101 SET SQL_MODE=''*/;

/*!40014 SET @OLD_UNIQUE_CHECKS=@@UNIQUE_CHECKS, UNIQUE_CHECKS=0 */;
/*!40014 SET @OLD_FOREIGN_KEY_CHECKS=@@FOREIGN_KEY_CHECKS, FOREIGN_KEY_CHECKS=0 */;
/*!40101 SET @OLD_SQL_MODE=@@SQL_MODE, SQL_MODE='NO_AUTO_VALUE_ON_ZERO' */;
/*!40111 SET @OLD_SQL_NOTES=@@SQL_NOTES, SQL_NOTES=0 */;
CREATE DATABASE /*!32312 IF NOT EXISTS*/`crm_zhang` /*!40100 DEFAULT CHARACTER SET latin1 */;

USE `crm_zhang`;

/*Table structure for table `customer_info` */

DROP TABLE IF EXISTS `customer_info`;

CREATE TABLE `customer_info` (
  `id` bigint(64) unsigned NOT NULL AUTO_INCREMENT,
  `name` varchar(200) CHARACTER SET utf8 DEFAULT NULL,
  `telephone` varchar(200) DEFAULT NULL,
  `address` varchar(200) CHARACTER SET utf8 DEFAULT NULL,
  `iscompute` tinyint(1) DEFAULT NULL,
  `broadband` tinyint(1) DEFAULT NULL,
  `broadbandSatisfy` tinyint(1) DEFAULT NULL,
  `isBroadbandFusion` tinyint(1) DEFAULT NULL COMMENT '是否融合',
  `broadbandPrice` float DEFAULT NULL,
  `broadbandEndTime` varchar(200) CHARACTER SET utf8 DEFAULT NULL,
  `tv` tinyint(1) DEFAULT NULL,
  `tvSatisfy` tinyint(1) DEFAULT NULL,
  `tvPrice` float DEFAULT NULL,
  `tvEndTime` varchar(200) CHARACTER SET utf8 DEFAULT NULL,
  `district_id` bigint(64) DEFAULT NULL,
  `username_id` bigint(64) DEFAULT NULL,
  `datetime` datetime DEFAULT NULL,
  `isdelete` tinyint(1) NOT NULL DEFAULT '0',
  PRIMARY KEY (`id`)
) ENGINE=InnoDB AUTO_INCREMENT=60 DEFAULT CHARSET=latin1;

/*Data for the table `customer_info` */

insert  into `customer_info`(`id`,`name`,`telephone`,`address`,`iscompute`,`broadband`,`broadbandSatisfy`,`isBroadbandFusion`,`broadbandPrice`,`broadbandEndTime`,`tv`,`tvSatisfy`,`tvPrice`,`tvEndTime`,`district_id`,`username_id`,`datetime`,`isdelete`) values (1,'asdf','1223323','asdfasdf',1,1,1,1,222.22,'20190101',1,1,22.01,'20190101',1,1,'2010-10-10 14:20:31',0),(2,'asdfasdfasdfasdf','2147483647','qwerqwerwqerqwer',1,1,1,1,2122,'20010001',1,1,22,'22222',1,2,'2010-10-10 00:00:00',0),(3,'33','33','33',1,1,1,1,33,'1212',1,1,21,'11221',1,1,'2011-01-01 00:00:00',0),(4,'223','2323','2323',1,1,1,1,22,'22',1,1,22,'22',1,2,'2017-03-26 21:39:09',0),(5,'23','2.323333333333333e+26','23',1,1,1,1,22222,'222222',1,1,99999.9,'22222222222',1,1,NULL,0),(6,'23','23','23',1,1,1,NULL,23,'23',6,4,23,'23',1,1,NULL,0),(7,'333','3333','333',1,1,1,1,333,'333',1,1,333,'3333',1,1,'2017-03-23 01:36:15',0),(8,'rrr','3333','3333333',1,1,2,0,222,'2017-03-28',2,2,222,'2222',1,1,'2017-03-26 21:33:17',0),(9,'23232323','2323','2323',1,1,1,1,2323,'2017-03-21',1,1,22323,'2017-03-27',1,1,'2017-03-26 21:39:09',0),(10,'23','23','23',1,1,1,1,23,'2017-03-20',1,1,23,'2017-03-13',1,1,'2017-03-27 13:47:42',0),(11,'33','333','33',1,1,1,1,33,'2017-03-01',2,2,34,'2017-03-27',1,1,'2017-03-27 13:48:22',0),(12,'3','3','3',NULL,NULL,NULL,NULL,NULL,NULL,NULL,NULL,NULL,NULL,1,1,NULL,0),(13,'3','3',NULL,NULL,NULL,NULL,NULL,NULL,NULL,NULL,NULL,NULL,NULL,1,1,NULL,0),(14,'3','3',NULL,NULL,NULL,NULL,NULL,NULL,NULL,NULL,NULL,NULL,NULL,1,1,NULL,0),(15,'3','3',NULL,NULL,NULL,NULL,NULL,NULL,NULL,NULL,NULL,NULL,NULL,1,1,NULL,0),(16,'3','3',NULL,NULL,NULL,NULL,NULL,NULL,NULL,NULL,NULL,NULL,NULL,1,1,NULL,0),(17,'33','3',NULL,NULL,NULL,NULL,NULL,NULL,NULL,NULL,NULL,NULL,NULL,1,1,NULL,0),(18,'3','3',NULL,NULL,NULL,NULL,NULL,NULL,NULL,NULL,NULL,NULL,NULL,1,1,NULL,0),(19,'3','3',NULL,NULL,NULL,NULL,NULL,NULL,NULL,NULL,NULL,NULL,NULL,1,1,NULL,0),(20,'3','3',NULL,NULL,NULL,NULL,NULL,NULL,NULL,NULL,NULL,NULL,NULL,1,1,NULL,0),(21,'3','3',NULL,NULL,NULL,NULL,NULL,NULL,NULL,NULL,NULL,NULL,NULL,1,1,NULL,0),(22,'3','3',NULL,NULL,NULL,NULL,NULL,NULL,NULL,NULL,NULL,NULL,NULL,1,1,NULL,0),(23,'3','3',NULL,NULL,NULL,NULL,NULL,NULL,NULL,NULL,NULL,NULL,NULL,1,1,NULL,0),(24,'3','3',NULL,NULL,NULL,NULL,NULL,NULL,NULL,NULL,NULL,NULL,NULL,1,1,NULL,0),(25,'3','3',NULL,NULL,NULL,NULL,NULL,NULL,NULL,NULL,NULL,NULL,NULL,1,1,NULL,0),(26,'3','3',NULL,NULL,NULL,NULL,NULL,NULL,NULL,NULL,NULL,NULL,NULL,1,1,NULL,0),(27,'3','3',NULL,NULL,NULL,NULL,NULL,NULL,NULL,NULL,NULL,NULL,NULL,1,1,NULL,0),(28,'3','3',NULL,NULL,NULL,NULL,NULL,NULL,NULL,NULL,NULL,NULL,NULL,1,1,NULL,0),(29,'3','3',NULL,NULL,NULL,NULL,NULL,NULL,NULL,NULL,NULL,NULL,NULL,1,1,NULL,0),(30,'3','3',NULL,NULL,NULL,NULL,NULL,NULL,NULL,NULL,NULL,NULL,NULL,1,1,NULL,0),(31,'3','3',NULL,NULL,NULL,NULL,NULL,NULL,NULL,NULL,NULL,NULL,NULL,1,1,NULL,0),(32,'3','3',NULL,NULL,NULL,NULL,NULL,NULL,NULL,NULL,NULL,NULL,NULL,1,1,NULL,0),(33,'3','3',NULL,NULL,NULL,NULL,NULL,NULL,NULL,NULL,NULL,NULL,NULL,1,1,NULL,0),(34,'3','3',NULL,NULL,NULL,NULL,NULL,NULL,NULL,NULL,NULL,NULL,NULL,1,1,NULL,0),(35,'3','3',NULL,NULL,NULL,NULL,NULL,NULL,NULL,NULL,NULL,NULL,NULL,1,1,NULL,0),(36,'3','3',NULL,NULL,NULL,NULL,NULL,NULL,NULL,NULL,NULL,NULL,NULL,1,1,NULL,0),(37,'3','3',NULL,NULL,NULL,NULL,NULL,NULL,NULL,NULL,NULL,NULL,NULL,1,1,NULL,0),(38,'3','3',NULL,NULL,NULL,NULL,NULL,NULL,NULL,NULL,NULL,NULL,NULL,1,1,NULL,0),(39,'3','3',NULL,NULL,NULL,NULL,NULL,NULL,NULL,NULL,NULL,NULL,NULL,1,1,NULL,0),(40,'23','23','23',0,1,1,1,23,'2016-03-08',1,1,23,'2017-02-06',1,1,'2017-03-27 16:11:41',0),(41,NULL,NULL,NULL,NULL,NULL,NULL,NULL,NULL,NULL,NULL,NULL,NULL,NULL,1,NULL,'2017-03-28 19:42:43',0),(42,'例如','646464','明年',1,1,1,1,664,'2017-03-28',1,1,66767,'2017-03-28',1,1,'2017-03-28 19:46:21',0),(43,'哦哦婆婆傻X','64646','送你',1,1,1,1,97697,'2017-03-28',1,1,666797,'2017-03-28',1,1,'2017-03-28 19:50:43',0),(44,'11','11','11',NULL,2,2,NULL,11,'2017-03-15',1,1,11,'2017-03-29',1,1,'2017-03-29 09:31:00',0),(45,'2222','2222','22222',1,1,3,0,222,'2017-03-29',1,1,222,'2017-03-29',1,1,'2017-03-29 09:38:01',0),(46,'22','22','2',1,1,1,1,22,'2017-03-16',1,1,22,'2017-03-29',1,1,'2017-03-29 02:55:24',0),(47,'111111111111111111111','1111','11',1,1,1,1,11,'2017-03-15',1,1,111,'2017-03-09',1,1,'2017-03-29 02:56:27',0),(48,'测试时间','255','就',0,1,1,0,255,'2017-03-29',1,1,365,'2017-03-29',1,1,'2017-03-29 15:58:13',0),(49,'测试时间2','15565','就',1,1,1,1,5588,'2017-03-29',1,1,669,'2017-03-29',1,1,'2017-03-29 08:07:37',0),(50,'测试qi时间3','258588','ktv',1,1,1,1,669,'2017-03-29',1,1,3658,'2017-03-29',1,1,'2017-03-29 08:09:37',1),(51,'测试时间5','25','就',1,1,1,1,36,'2017-03-28',1,1,558,'2017-03-29',1,1,'2017-03-29 08:20:24',0),(52,'嗯婆婆','364646','OMG您',1,1,1,1,67667,'2017-01-29',1,1,665,'2017-03-29',1,1,'2017-03-29 08:24:39',0),(53,'测试21111','258','阿卡丽',1,1,1,1,6680,'2017-03-29',1,1,665,'2017-03-29',1,1,'2017-03-29 08:27:43',0),(54,'hdhjdj','54546','hdhjdj',0,1,1,0,667646,'2017-03-30',1,1,697676,'2017-03-30',1,1,'2017-03-30 02:57:38',0),(55,'阿里','25','啊路途',1,1,1,1,366,'2017-03-30',1,1,69,'2017-03-30',1,1,'2017-03-30 11:16:46',1),(56,'张卫宁123456','12255255','yhhh00456',0,4,4,0,456,'2017-03-31',6,4,456,'2017-03-31',1,1,'2017-03-30 14:56:12',0),(57,'1111','12123112','54545',0,1,1,0,664646,'2017-03-31',1,1,64664,'2017-03-31',1,1,'2017-03-31 10:00:52',1),(58,'清明节回家啦','123456789','王瞳',1,1,1,1,123,'2017-04-01',1,2,36,'2017-04-01',5,1,'2017-04-01 12:24:23',0),(59,'ʘᴗ','55','玲玲领',1,1,1,1,36,'2017-04-02',1,1,366,'2017-04-02',1,1,'2017-04-02 14:05:20',0);

/*Table structure for table `district` */

DROP TABLE IF EXISTS `district`;

CREATE TABLE `district` (
  `id` int(11) unsigned NOT NULL AUTO_INCREMENT,
  `dictName` varchar(32) CHARACTER SET utf8 DEFAULT '',
  `isdelete` tinyint(1) NOT NULL DEFAULT '0',
  PRIMARY KEY (`id`)
) ENGINE=InnoDB AUTO_INCREMENT=21 DEFAULT CHARSET=latin1;

/*Data for the table `district` */

insert  into `district`(`id`,`dictName`,`isdelete`) values (1,'安平1',0),(2,'景县3',0),(3,'深县',0),(4,'饶阳',0),(5,'东光',0),(7,'ee',0),(8,'',1),(9,'111',0),(10,'大大大',0),(11,'eee',0),(12,'eeee',0),(19,'eeee',1),(20,'我问问',0);

/*Table structure for table `role_menu` */

DROP TABLE IF EXISTS `role_menu`;

CREATE TABLE `role_menu` (
  `id` int(11) NOT NULL AUTO_INCREMENT,
  `role_id` int(11) NOT NULL,
  `menu_id` int(11) NOT NULL,
  PRIMARY KEY (`id`),
  KEY `role_id` (`role_id`),
  KEY `menu_id` (`menu_id`)
) ENGINE=InnoDB AUTO_INCREMENT=18 DEFAULT CHARSET=utf8 COMMENT='权限关联表';

/*Data for the table `role_menu` */

insert  into `role_menu`(`id`,`role_id`,`menu_id`) values (1,1,1),(2,1,2),(3,1,3),(4,1,101),(5,1,102),(6,1,201),(7,1,202),(8,1,301),(9,2,1),(10,2,2),(11,2,101),(12,2,102),(13,2,201),(14,2,202),(15,3,1),(16,3,101),(17,3,102);

/*Table structure for table `sysmenu` */

DROP TABLE IF EXISTS `sysmenu`;

CREATE TABLE `sysmenu` (
  `id` int(11) NOT NULL AUTO_INCREMENT COMMENT 'id',
  `name` varchar(20) NOT NULL DEFAULT '' COMMENT '菜单名称',
  `parentid` int(11) NOT NULL DEFAULT '0' COMMENT '父级菜单ID 0表示根节点',
  `sequence` int(6) NOT NULL DEFAULT '0' COMMENT '菜单顺序',
  `iconCls` varchar(20) NOT NULL DEFAULT '' COMMENT '菜单图标样式',
  `url` varchar(255) NOT NULL DEFAULT '' COMMENT '菜单链接地址 总是以‘/’开头，相对于项目根路径',
  `enable` int(1) NOT NULL DEFAULT '1' COMMENT '是否可用 1:正常，0：禁用',
  PRIMARY KEY (`id`),
  KEY `parentId` (`parentid`),
  KEY `sequence` (`sequence`)
) ENGINE=InnoDB AUTO_INCREMENT=302 DEFAULT CHARSET=utf8 COMMENT='后台菜单表';

/*Data for the table `sysmenu` */

insert  into `sysmenu`(`id`,`name`,`parentid`,`sequence`,`iconCls`,`url`,`enable`) values (1,'客户信息管理',0,3,'icon-bottom','',1),(2,'县分管理',0,4,'icon-bottom','',1),(3,'权限管理',0,6,'icon-bottom','',1),(101,'客户管理',1,101,'icon-person','',0),(102,'信息管理',1,102,'icon-set','/customerinfo/list',1),(201,'县分管理',2,201,'icon-tongji','/district/list',1),(202,'职工管理',2,202,'icon-role','/district/user_list',1),(301,'权限管理',3,301,'icon-role','/role/user_role',1);

/*Table structure for table `sysrole` */

DROP TABLE IF EXISTS `sysrole`;

CREATE TABLE `sysrole` (
  `id` int(11) NOT NULL AUTO_INCREMENT,
  `name` varchar(60) NOT NULL DEFAULT '' COMMENT '角色名称',
  PRIMARY KEY (`id`)
) ENGINE=InnoDB AUTO_INCREMENT=4 DEFAULT CHARSET=utf8 COMMENT='后台角色表';

/*Data for the table `sysrole` */

insert  into `sysrole`(`id`,`name`) values (1,'超级管理员'),(2,'管理员'),(3,'员工');

/*Table structure for table `sysuser` */

DROP TABLE IF EXISTS `sysuser`;

CREATE TABLE `sysuser` (
  `id` int(11) unsigned NOT NULL AUTO_INCREMENT,
  `username` varchar(32) CHARACTER SET utf8 NOT NULL,
  `password` varchar(32) CHARACTER SET utf8 DEFAULT NULL,
  `role_id` int(32) NOT NULL DEFAULT '0',
  `district_id` int(32) NOT NULL DEFAULT '0',
  `sex` tinyint(1) DEFAULT NULL,
  `birthday` varchar(32) CHARACTER SET utf8 DEFAULT NULL,
  `MarryInfo` varchar(32) CHARACTER SET utf8 DEFAULT NULL,
  `school` varchar(32) CHARACTER SET utf8 DEFAULT NULL,
  `xueli` varchar(32) CHARACTER SET utf8 DEFAULT NULL,
  `zzmm` varchar(32) CHARACTER SET utf8 DEFAULT NULL COMMENT '政治面貌',
  `telephone` varchar(32) CHARACTER SET utf8 DEFAULT NULL,
  `telephone_dianxin` varchar(32) CHARACTER SET utf8 DEFAULT NULL,
  `webnet` varchar(32) CHARACTER SET utf8 DEFAULT NULL,
  `chengbaopianqu` varchar(32) CHARACTER SET utf8 DEFAULT NULL,
  `workTimeStart` varchar(32) CHARACTER SET utf8 DEFAULT NULL,
  `workTimeEnd` varchar(32) CHARACTER SET utf8 DEFAULT NULL,
  `doorCode` varchar(32) CHARACTER SET utf8 DEFAULT NULL,
  `cashPledge` varchar(32) CHARACTER SET utf8 DEFAULT NULL,
  `isdelete` tinyint(1) NOT NULL DEFAULT '0',
  PRIMARY KEY (`id`)
) ENGINE=InnoDB AUTO_INCREMENT=62 DEFAULT CHARSET=latin1;

/*Data for the table `sysuser` */

insert  into `sysuser`(`id`,`username`,`password`,`role_id`,`district_id`,`sex`,`birthday`,`MarryInfo`,`school`,`xueli`,`zzmm`,`telephone`,`telephone_dianxin`,`webnet`,`chengbaopianqu`,`workTimeStart`,`workTimeEnd`,`doorCode`,`cashPledge`,`isdelete`) values (1,'admin','1234',1,1,NULL,NULL,NULL,NULL,NULL,NULL,NULL,NULL,NULL,NULL,NULL,NULL,NULL,NULL,0),(2,'员工1','123',3,2,NULL,NULL,NULL,NULL,NULL,NULL,NULL,NULL,NULL,NULL,NULL,NULL,NULL,NULL,0),(3,'we ','223',3,5,NULL,NULL,NULL,NULL,NULL,NULL,NULL,NULL,NULL,NULL,NULL,NULL,NULL,NULL,0),(4,'34','341',3,-1,NULL,NULL,NULL,NULL,NULL,NULL,NULL,NULL,NULL,NULL,NULL,NULL,NULL,NULL,0),(5,'sdsd','sdsd',3,2,NULL,NULL,NULL,NULL,NULL,NULL,NULL,NULL,NULL,NULL,NULL,NULL,NULL,NULL,0),(6,'sdsd','sdsd',3,2,NULL,NULL,NULL,NULL,NULL,NULL,NULL,NULL,NULL,NULL,NULL,NULL,NULL,NULL,0),(7,'we','we',3,-1,NULL,NULL,NULL,NULL,NULL,NULL,NULL,NULL,NULL,NULL,NULL,NULL,NULL,NULL,0),(8,'22','22',3,1,NULL,NULL,NULL,NULL,NULL,NULL,NULL,NULL,NULL,NULL,NULL,NULL,NULL,NULL,0),(9,'test1','123',3,4,NULL,NULL,NULL,NULL,NULL,NULL,NULL,NULL,NULL,NULL,NULL,NULL,NULL,NULL,0),(10,'333','333',2,2,NULL,NULL,NULL,NULL,NULL,NULL,NULL,NULL,NULL,NULL,NULL,NULL,NULL,NULL,0),(11,'33','33',3,2,NULL,NULL,NULL,NULL,NULL,NULL,NULL,NULL,NULL,NULL,NULL,NULL,NULL,NULL,0),(12,'水电费','123',2,2,NULL,NULL,NULL,NULL,NULL,NULL,NULL,NULL,NULL,NULL,NULL,NULL,NULL,NULL,0),(13,'rr','23',3,12,NULL,NULL,NULL,NULL,NULL,NULL,NULL,NULL,NULL,NULL,NULL,NULL,NULL,NULL,0),(14,'ww','ww',2,2,NULL,NULL,NULL,NULL,NULL,NULL,NULL,NULL,NULL,NULL,NULL,NULL,NULL,NULL,0),(15,'ww','ww',2,3,NULL,NULL,NULL,NULL,NULL,NULL,NULL,NULL,NULL,NULL,NULL,NULL,NULL,NULL,0),(16,'34','34',2,0,NULL,NULL,NULL,NULL,NULL,NULL,NULL,NULL,NULL,NULL,NULL,NULL,NULL,NULL,0),(17,'23','23',2,2,NULL,NULL,NULL,NULL,NULL,NULL,NULL,NULL,NULL,NULL,NULL,NULL,NULL,NULL,0),(18,'23','23',2,2,NULL,NULL,NULL,NULL,NULL,NULL,NULL,NULL,NULL,NULL,NULL,NULL,NULL,NULL,0),(19,'23','23',2,2,NULL,NULL,NULL,NULL,NULL,NULL,NULL,NULL,NULL,NULL,NULL,NULL,NULL,NULL,0),(20,'23','23',2,1,NULL,NULL,NULL,NULL,NULL,NULL,NULL,NULL,NULL,NULL,NULL,NULL,NULL,NULL,0),(21,'sdsd','sdsd',2,2,NULL,NULL,NULL,NULL,NULL,NULL,NULL,NULL,NULL,NULL,NULL,NULL,NULL,NULL,0),(22,'sdsd','sdsd',2,2,NULL,NULL,NULL,NULL,NULL,NULL,NULL,NULL,NULL,NULL,NULL,NULL,NULL,NULL,0),(23,'sdsd','sdsd',2,2,NULL,NULL,NULL,NULL,NULL,NULL,NULL,NULL,NULL,NULL,NULL,NULL,NULL,NULL,0),(24,'sdsd','sdsd',2,2,NULL,NULL,NULL,NULL,NULL,NULL,NULL,NULL,NULL,NULL,NULL,NULL,NULL,NULL,0),(25,'sdsd','sdsd',2,2,NULL,NULL,NULL,NULL,NULL,NULL,NULL,NULL,NULL,NULL,NULL,NULL,NULL,NULL,0),(26,'sdsd','sdsd',2,2,NULL,NULL,NULL,NULL,NULL,NULL,NULL,NULL,NULL,NULL,NULL,NULL,NULL,NULL,0),(27,'sdsd','sdsd',2,2,NULL,NULL,NULL,NULL,NULL,NULL,NULL,NULL,NULL,NULL,NULL,NULL,NULL,NULL,0),(28,'sdsd','sdsd',2,2,NULL,NULL,NULL,NULL,NULL,NULL,NULL,NULL,NULL,NULL,NULL,NULL,NULL,NULL,0),(29,'sdsd','sdsd',2,2,NULL,NULL,NULL,NULL,NULL,NULL,NULL,NULL,NULL,NULL,NULL,NULL,NULL,NULL,0),(30,'sdsd','sdsd',2,2,NULL,NULL,NULL,NULL,NULL,NULL,NULL,NULL,NULL,NULL,NULL,NULL,NULL,NULL,0),(31,'sdsd','sdsd',2,2,NULL,NULL,NULL,NULL,NULL,NULL,NULL,NULL,NULL,NULL,NULL,NULL,NULL,NULL,0),(32,'sdsd','sdsd',2,2,NULL,NULL,NULL,NULL,NULL,NULL,NULL,NULL,NULL,NULL,NULL,NULL,NULL,NULL,0),(33,'sdsd','sdsd',2,2,NULL,NULL,NULL,NULL,NULL,NULL,NULL,NULL,NULL,NULL,NULL,NULL,NULL,NULL,0),(34,'sdsd','sdsd',2,2,NULL,NULL,NULL,NULL,NULL,NULL,NULL,NULL,NULL,NULL,NULL,NULL,NULL,NULL,0),(35,'sdsd','sdsd',2,2,NULL,NULL,NULL,NULL,NULL,NULL,NULL,NULL,NULL,NULL,NULL,NULL,NULL,NULL,0),(36,'sdsd','sdsd',2,2,NULL,NULL,NULL,NULL,NULL,NULL,NULL,NULL,NULL,NULL,NULL,NULL,NULL,NULL,0),(37,'sdsd','sdsd',2,2,NULL,NULL,NULL,NULL,NULL,NULL,NULL,NULL,NULL,NULL,NULL,NULL,NULL,NULL,0),(38,'sdsd','sdsd',2,2,NULL,NULL,NULL,NULL,NULL,NULL,NULL,NULL,NULL,NULL,NULL,NULL,NULL,NULL,0),(39,'sdsd','sdsd',2,2,NULL,NULL,NULL,NULL,NULL,NULL,NULL,NULL,NULL,NULL,NULL,NULL,NULL,NULL,0),(40,'sdsd','sdsd',2,2,NULL,NULL,NULL,NULL,NULL,NULL,NULL,NULL,NULL,NULL,NULL,NULL,NULL,NULL,0),(41,'sdsd','sdsd',2,2,NULL,NULL,NULL,NULL,NULL,NULL,NULL,NULL,NULL,NULL,NULL,NULL,NULL,NULL,0),(44,'sdsd','sdsd',2,2,NULL,NULL,NULL,NULL,NULL,NULL,NULL,NULL,NULL,NULL,NULL,NULL,NULL,NULL,0),(45,'sdsd','sdsd',2,2,NULL,NULL,NULL,NULL,NULL,NULL,NULL,NULL,NULL,NULL,NULL,NULL,NULL,NULL,0),(46,'sdsd','sdsd',2,2,NULL,NULL,NULL,NULL,NULL,NULL,NULL,NULL,NULL,NULL,NULL,NULL,NULL,NULL,0),(47,'sdsd','sdsd',2,2,NULL,NULL,NULL,NULL,NULL,NULL,NULL,NULL,NULL,NULL,NULL,NULL,NULL,NULL,0),(48,'sdsd','sdsd',2,2,NULL,NULL,NULL,NULL,NULL,NULL,NULL,NULL,NULL,NULL,NULL,NULL,NULL,NULL,0),(49,'sdsd','sdsd',2,2,NULL,NULL,NULL,NULL,NULL,NULL,NULL,NULL,NULL,NULL,NULL,NULL,NULL,NULL,0),(50,'sdsd','sdsd',2,2,NULL,NULL,NULL,NULL,NULL,NULL,NULL,NULL,NULL,NULL,NULL,NULL,NULL,NULL,0),(51,'sdsd','sdsd',2,2,NULL,NULL,NULL,NULL,NULL,NULL,NULL,NULL,NULL,NULL,NULL,NULL,NULL,NULL,0),(52,'sdsd','sdsd',2,2,NULL,NULL,NULL,NULL,NULL,NULL,NULL,NULL,NULL,NULL,NULL,NULL,NULL,NULL,0),(53,'sdsd','sdsd',2,2,NULL,NULL,NULL,NULL,NULL,NULL,NULL,NULL,NULL,NULL,NULL,NULL,NULL,NULL,0),(54,'sdsd','sdsd',2,2,NULL,NULL,NULL,NULL,NULL,NULL,NULL,NULL,NULL,NULL,NULL,NULL,NULL,NULL,0),(55,'sdsd','sdsd',2,2,NULL,NULL,NULL,NULL,NULL,NULL,NULL,NULL,NULL,NULL,NULL,NULL,NULL,NULL,0),(56,'sdsd','sdsd',2,2,NULL,NULL,NULL,NULL,NULL,NULL,NULL,NULL,NULL,NULL,NULL,NULL,NULL,NULL,0),(57,'sdsd','sdsd',2,2,NULL,NULL,NULL,NULL,NULL,NULL,NULL,NULL,NULL,NULL,NULL,NULL,NULL,NULL,0),(58,'sdsd','sdsd',2,2,NULL,NULL,NULL,NULL,NULL,NULL,NULL,NULL,NULL,NULL,NULL,NULL,NULL,NULL,0),(59,'sdsd','sdsd',2,2,NULL,NULL,NULL,NULL,NULL,NULL,NULL,NULL,NULL,NULL,NULL,NULL,NULL,NULL,0),(60,'sdsd','sdsd',2,2,NULL,NULL,NULL,NULL,NULL,NULL,NULL,NULL,NULL,NULL,NULL,NULL,NULL,NULL,0),(61,'sdsd','sdsd',2,2,NULL,NULL,NULL,NULL,NULL,NULL,NULL,NULL,NULL,NULL,NULL,NULL,NULL,NULL,0);

/*Table structure for table `user_role` */

DROP TABLE IF EXISTS `user_role`;

CREATE TABLE `user_role` (
  `id` int(11) NOT NULL AUTO_INCREMENT,
  `userId` int(11) NOT NULL,
  `roleId` int(11) NOT NULL,
  PRIMARY KEY (`id`),
  KEY `userId` (`userId`),
  KEY `roleId` (`roleId`)
) ENGINE=InnoDB AUTO_INCREMENT=3 DEFAULT CHARSET=utf8 COMMENT='后台角色与用户关联表';

/*Data for the table `user_role` */

insert  into `user_role`(`id`,`userId`,`roleId`) values (1,1,1),(2,2,2);

/*!40101 SET SQL_MODE=@OLD_SQL_MODE */;
/*!40014 SET FOREIGN_KEY_CHECKS=@OLD_FOREIGN_KEY_CHECKS */;
/*!40014 SET UNIQUE_CHECKS=@OLD_UNIQUE_CHECKS */;
/*!40111 SET SQL_NOTES=@OLD_SQL_NOTES */;
